"","x3","x1","x2","label"
"351",0.627408818664361,3.96904980139327,-1.93645453817036,"1: signal"
"616",0.250145642235732,4.65293757332156,-2.98132565675412,"1: signal"
"39",6.66214844438866,4.61093742432647,-2.51357130553742,"1: signal"
"436",0.308609567792036,3.57833794429751,-1.34943394713749,"1: signal"
"795",0.176051130556695,3.8756174365269,-2.63225165462778,"1: signal"
"396",0.423312284685086,4.35061837790883,-2.24043903096942,"1: signal"
"258",1.66639702613667,1.13382788273106,-1.67514694291525,"1: signal"
"23",0.671710229834661,3.91946256909437,-2.6269723912918,"1: signal"
"148",2.21781821510689,5.14092758873457,-2.98624173726667,"1: signal"
"493",2.32440057067928,5.27308125387408,-1.1983542038058,"1: signal"
"453",0.864087008414592,5.19193309683066,-1.58552533992828,"1: signal"
"720",1.78542084327639,5.19124287560265,-1.65984065612078,"1: signal"
"542",1.1776069328193,4.07470140996246,-5.58662700298345,"1: signal"
"572",2.3643795261118,4.81729939887793,-3.35602590224268,"1: signal"
"599",1.71959286797647,5.00181866780215,-2.20138063337366,"1: signal"
"354",2.4073054867363,4.36510906466656,-2.18295965165746,"1: signal"
"241",1.47236005414901,19.9443850531681,-2.63540632923001,"1: signal"
"999",1.55422553651603,4.32804613353148,-1.82284162716264,"1: signal"
"329",1.48988842732823,4.4989048420284,-2.64884044796151,"1: signal"
"169",1.36738519706734,4.46639790261637,-2.03994230701816,"1: signal"
"238",2.02671384384713,17.0471066528324,-1.86342166140982,"1: signal"
"477",1.39916370812388,5.57893212961377,-1.94147648555853,"1: signal"
"768",1.89302989508388,3.89366515292337,-2.47170129830741,"1: signal"
"875",2.99755202220331,3.8261266595842,-1.69117760150986,"1: signal"
"936",2.23223443547846,5.55997529236655,-1.52936207554009,"1: signal"
"946",2.29938766666604,3.86790448658577,-2.49718630859609,"1: signal"
"844",2.4130669263236,5.52878105199164,-1.93901260491595,"1: signal"
"990",1.87398934783554,5.10885203045947,-1.70902717086346,"1: signal"
"901",1.80656432612601,5.36366973560093,-2.79218523714395,"1: signal"
"595",3.36185664912128,4.55453738087616,-1.9151540682971,"1: signal"
"480",3.44969703283239,5.56730103499243,-2.28810604566367,"1: signal"
"527",3.1895691872783,5.74723321878549,-13.055115494418,"1: signal"
"38",8.51588024090495,5.92315672855589,-2.93696382913697,"1: signal"
"204",2.60158254610191,5.82350954083145,-2.15403943100463,"1: signal"
"199",2.69692970842177,5.84711120639293,-3.28119981248451,"1: signal"
"622",3.02541218087041,5.42850902526148,-2.42688396862766,"1: signal"
"943",2.14329590493824,4.17072919427252,-3.1784274184991,"1: signal"
"602",2.97579964398373,4.65823545674159,-2.4394603685754,"1: signal"
"651",2.19547919434405,5.24171620310071,-2.52722413253424,"1: signal"
"284",3.99265790065966,6.00035645456284,-2.81945012654944,"1: signal"
"103",2.13686481549921,5.22995959756503,-3.01942660734574,"1: signal"
"646",3.44738355936233,6.09446791613592,-1.68918916094186,"1: signal"
"721",3.92327780831398,4.79669926946083,-2.21028665090576,"1: signal"
"275",3.5625464487967,3.7988190007589,-1.82566607908755,"1: signal"
"157",3.0670360879419,5.9539102365648,-1.72139698280161,"1: signal"
"304",2.67018828570258,4.88510614375127,-1.81951082951491,"1: signal"
"847",3.34162044906399,5.59770718852019,-2.67296298993251,"1: signal"
"2",3.43979981930615,4.49544822897349,-2.40356418723465,"1: signal"
"25",8.94807042185642,5.80307583948911,-2.22143443987127,"1: signal"
"426",2.83370607768893,5.92386274230863,-3.20445011828493,"1: signal"
"385",4.47487908682792,5.73858575752459,-2.57491293492344,"1: signal"
"697",4.34203761812,6.25227903081269,-3.27453837608371,"1: signal"
"521",3.45842970287129,6.01721167807619,-3.11554736835242,"1: signal"
"8",3.23363048830877,4.88686933847439,-3.52627887731709,"1: signal"
"743",4.49506533045869,6.7574146432438,-3.29721612376491,"1: signal"
"144",3.65367792915265,5.22065043243963,-3.52979071671344,"1: signal"
"68",-3.80596751393023,6.45903142884354,-2.63575897433057,"1: signal"
"745",4.20085263223088,5.98789246896725,-3.07774991874775,"1: signal"
"15",4.36244452708881,6.38817231730084,-3.33127646138913,"1: signal"
"69",-4.84226844783184,5.78528430189161,-2.53197296930046,"1: signal"
"715",4.15223994588321,4.95721166017316,-3.66611874022635,"1: signal"
"904",3.44514720041489,5.32116139686242,-3.77615193083615,"1: signal"
"543",3.12619101664218,6.6455708950655,-9.04266243835899,"1: signal"
"959",4.0991575639611,6.73404828077797,-2.22569494368141,"1: signal"
"47",10.6726871547909,6.29933504755229,-4.10627319481612,"1: signal"
"101",5.21204353518455,6.15385921818108,-2.94887992770142,"1: signal"
"848",3.80411037106252,5.9450702117925,-3.26518233789938,"1: signal"
"285",4.30815605837789,6.26362061779927,-3.55682607737322,"1: signal"
"283",4.81770421251532,7.45055503938677,-4.08619486535695,"1: signal"
"388",4.8881596158796,6.43685330200559,-2.88012616662804,"1: signal"
"544",3.97667529214672,6.83583037888482,-10.6353223321277,"1: signal"
"825",4.9217608935292,6.48070385506566,-4.17883213345771,"1: signal"
"164",5.42780087376724,7.02366356965245,-3.86179565057907,"1: signal"
"473",4.17179811181363,7.73305022773141,-3.45531724149109,"1: signal"
"310",3.86079884474982,7.50893717796761,-4.27762190383678,"1: signal"
"307",4.95047285804244,7.0820696321194,-3.00677925923632,"1: signal"
"302",5.34269684662604,6.81193477362977,-3.72744076218464,"1: signal"
"671",4.75418970644864,7.84558074536778,-3.64857894506672,"1: signal"
"253",4.24891198591406,2.35252501078459,-3.70983545929408,"1: signal"
"254",5.51773005728749,-3.51014326700117,-4.60465643011327,"1: signal"
"859",5.05199939313295,6.43277044989579,-3.54066753169475,"1: signal"
"719",5.78820596275192,7.86894876679728,-3.6198914953652,"1: signal"
"65",-3.72284851548021,7.87961071476312,-3.5555386308431,"1: signal"
"628",4.57416486092364,8.35779985986376,-3.7503029112934,"1: signal"
"884",4.29769282067929,8.20909288795004,-4.82907274902774,"1: signal"
"187",5.76406970346507,7.46376031010389,-3.5122385406947,"1: signal"
"81",5.01056655455363,7.4123041327286,-3.42842478542719,"1: signal"
"545",5.84803390722427,6.71602251808483,-12.7613423115171,"1: signal"
"529",5.34525049408587,8.26690856548709,-7.77527320389848,"1: signal"
"279",5.38466951756628,7.03849909974543,-3.95111083152097,"1: signal"
"40",11.2499343588738,6.85883148326975,-4.4398900762755,"1: signal"
"870",5.4145259553592,7.10050845217575,-4.32286036528827,"1: signal"
"917",5.34195641583891,7.01957693676426,-3.45150229475221,"1: signal"
"64",-2.6455968342674,8.1078374048347,-5.13377857418526,"1: signal"
"730",5.60177698844291,7.94799009681584,-5.22465479655,"1: signal"
"496",4.68118329200701,7.17377346461048,-3.71901484572973,"1: signal"
"744",5.60984852474548,7.55086948144404,-4.79809547452633,"1: signal"
"146",4.90880971742676,7.84516246709355,-3.85186172199724,"1: signal"
"437",5.97605207236347,7.86613964328471,-5.02077878628921,"1: signal"
"328",6.0650143714514,8.24423087918167,-4.1727029057633,"1: signal"
"383",5.63413727762745,8.19217905048196,-5.00111373276173,"1: signal"
"773",4.81780836473179,7.49429146188321,-5.53879215913233,"1: signal"
"914",5.32873426662765,8.12058381538639,-3.87099420883338,"1: signal"
"135",4.94626462269564,8.91866538078245,-4.10440094117623,"1: signal"
"964",4.75637154517334,9.03677609322462,-5.59760514487482,"1: signal"
"412",5.57348525792293,8.05969425764686,-5.1698289312298,"1: signal"
"912",4.91667668787464,8.55384417196506,-5.17123886461004,"1: signal"
"747",5.92967903139932,8.74347916371794,-5.55185354886173,"1: signal"
"494",5.16021793644252,8.99882306850177,-3.99076720752905,"1: signal"
"122",4.92972711935994,8.44687868925591,-4.95876048372712,"1: signal"
"939",5.26508956497875,7.53365060817742,-4.3080623050889,"1: signal"
"232",5.07055748254348,13.8105552096543,-4.05653628745435,"1: signal"
"640",5.5096104226108,7.78354073063832,-4.98933277375859,"1: signal"
"627",5.86164513140183,7.66185135578479,-4.55706872586787,"1: signal"
"323",5.21471031184868,8.35779356871376,-5.50340138243235,"1: signal"
"424",5.91077257240747,8.67067498871224,-5.50363319748549,"1: signal"
"375",4.9956063742269,7.65384646767944,-4.63205513546418,"1: signal"
"244",6.19489759539082,11.3393021018615,-5.35865035805553,"1: signal"
"35",11.6734834676979,8.79892504112015,-5.40930379151515,"1: signal"
"386",6.03680738989441,8.09537459704962,-5.10828632267608,"1: signal"
"524",6.57532642231642,9.41687255531126,-4.9204671531675,"1: signal"
"843",6.32777134629015,8.96339802577801,-4.72987709455519,"1: signal"
"604",6.71038067020316,9.36054644022023,-6.16915165513598,"1: signal"
"156",5.23227699735107,9.07674832761606,-6.24170992878447,"1: signal"
"965",5.30621121288597,9.52662101187967,-5.64612765310768,"1: signal"
"871",5.29363799174437,8.49942208438496,-5.50440551696799,"1: signal"
"459",6.54726482676756,9.27794120963944,-5.09296147466154,"1: signal"
"668",5.67499767329908,9.6156656984948,-6.93065101130597,"1: signal"
"505",5.55068773178579,10.2927350043167,-6.35144740933112,"1: signal"
"857",5.74208470405745,10.3311621687095,-5.46963677854659,"1: signal"
"860",5.90444793618054,9.50073555312121,-6.98631637298145,"1: signal"
"331",6.37702317076449,10.1748672239421,-7.11433689818146,"1: signal"
"233",5.5612595868229,11.3850562931171,-6.86485813922026,"1: signal"
"128",5.09365586068989,9.8837036140187,-5.91442411920299,"1: signal"
"684",6.60114421571896,10.4049692479226,-7.23839777855477,"1: signal"
"718",5.22318789013326,9.4521322376046,-6.23545762038774,"1: signal"
"370",6.04300758520144,10.0390196821844,-6.30408470126394,"1: signal"
"764",6.47495569800572,9.54346203207586,-5.89156092039301,"1: signal"
"528",5.24642784194039,9.21295507822572,-13.2279149103266,"1: signal"
"282",5.99807925445704,9.90011300856313,-5.69803354467855,"1: signal"
"457",6.20934471466613,9.84291419767617,-6.73191908005511,"1: signal"
"630",5.97124966955553,9.60373324448347,-7.36597849816249,"1: signal"
"590",5.63603824076732,11.0092917246304,-7.43855624426641,"1: signal"
"837",5.25755923342033,10.5370938534011,-6.3817153386715,"1: signal"
"596",5.93068553911941,10.2439365094131,-6.86446544149352,"1: signal"
"820",5.18956650142758,11.2053081085461,-6.55113653901178,"1: signal"
"826",5.25768770239944,11.1585021106234,-7.72483941868631,"1: signal"
"800",5.05672671127148,9.69167865287964,-6.74311257558327,"1: signal"
"221",6.32119972777601,10.6912061793182,-6.91395908924164,"1: signal"
"752",5.53921849667237,9.82586473883381,-8.06677068448813,"1: signal"
"7",5.3964136173734,11.1197567158277,-7.46384270572459,"1: signal"
"664",6.62941908778238,10.6411415414324,-7.62908883663175,"1: signal"
"683",6.86806350865852,10.1135839481448,-7.8901829379473,"1: signal"
"956",6.75257868969997,11.4652824855041,-7.59725878210795,"1: signal"
"214",6.90556580213857,10.9461450859494,-7.12916510401494,"1: signal"
"565",6.10792861431711,10.9177057935527,0.178427405390951,"1: signal"
"567",6.32466378470759,11.1306183559336,-1.20319160087326,"1: signal"
"489",5.05904566989121,11.0268944086995,-8.27578966641568,"1: signal"
"107",6.32293403212174,10.7804904639113,-7.74647516732448,"1: signal"
"941",6.75728221088741,10.6507962722573,-8.62085751336442,"1: signal"
"835",6.49795208115131,11.2744766321465,-8.21383225905037,"1: signal"
"335",5.16778697597397,12.2939226987385,-8.26257040028641,"1: signal"
"278",5.07360355909449,11.0739144142536,-8.81626225727119,"1: signal"
"381",5.88574909656365,10.8943077888471,-8.64402779561676,"1: signal"
"12",5.53648237981646,11.79646893126,-7.37461729614919,"1: signal"
"129",6.28277399404903,11.436873023075,-9.03203040967048,"1: signal"
"801",4.92562871208785,11.0542351941134,-8.55119013212331,"1: signal"
"110",6.74924478283966,12.571030694983,-8.61493485205178,"1: signal"
"152",4.99266937662555,12.7687496836155,-8.84475944340801,"1: signal"
"484",6.21950471847693,12.1744618413291,-8.26028925006183,"1: signal"
"30",12.4821664643893,11.2542129635554,-8.5251050566307,"1: signal"
"364",6.45112809003732,12.9928861142407,-7.88036700287415,"1: signal"
"51",-2.14326193885235,11.8492963325993,-9.41707062635288,"1: signal"
"575",5.66989294578444,11.7700691971713,-5.51785997036655,"1: signal"
"120",5.51488593243426,12.7547926012562,-8.77982767398687,"1: signal"
"796",6.27805226012041,12.128856864281,-8.13367513823971,"1: signal"
"24",4.98767717348388,12.8223613851569,-8.75180749016797,"1: signal"
"987",6.22140833331982,12.5245809076189,-8.65039825853544,"1: signal"
"41",11.1998863798073,12.5321630974478,-8.88015010392777,"1: signal"
"201",5.58013933825915,11.8062705771065,-8.91737715344651,"1: signal"
"513",4.70247139432025,11.6388992998798,-8.94649885202655,"1: signal"
"98",5.08388114794229,13.5751148159106,-9.39668563874853,"1: signal"
"350",5.85351863670593,11.8571865753232,-10.3713594864157,"1: signal"
"736",5.76953378966875,11.8918136172982,-8.87045047266275,"1: signal"
"245",5.62664654224965,20.0003519247677,-9.7633371119216,"1: signal"
"181",4.97713072664967,12.1945066222512,-9.42279993227161,"1: signal"
"530",6.15551356054103,12.8856205330294,-10.0606462227164,"1: signal"
"21",4.89178019134007,13.7320005239851,-10.2250241245021,"1: signal"
"114",5.61119433853811,13.9680055856719,-10.6575110284869,"1: signal"
"831",4.58907524090541,12.7144628706286,-11.0016683267463,"1: signal"
"1",4.66016507304844,12.6645150644962,-9.82971809239719,"1: signal"
"423",3.86233765210656,12.9174244185209,-10.665856564093,"1: signal"
"502",5.37952101706492,12.3551962203462,-10.1385310317204,"1: signal"
"159",4.46450252452766,12.6746937699546,-9.47794909120908,"1: signal"
"601",4.75073139508899,14.2555583659904,-10.1192806717873,"1: signal"
"17",4.8585863613606,13.0769950178371,-10.2240656607256,"1: signal"
"377",4.30854362008934,12.559034491841,-10.2888569048813,"1: signal"
"873",4.54352665382137,14.267581891839,-9.7843098711068,"1: signal"
"406",3.56369315933375,12.784646173833,-9.93807774042267,"1: signal"
"260",5.13417767895364,1.62506201958925,-9.94198168432122,"1: signal"
"935",4.78372777244289,13.4780589970815,-10.3847427993361,"1: signal"
"973",3.49864446624042,13.3495988271149,-10.5444697501964,"1: signal"
"476",4.08146286626735,12.6665666222411,-10.6951778117963,"1: signal"
"48",9.39819695644927,14.2315891456389,-11.0143201214489,"1: signal"
"644",5.00993126241544,13.4078439617391,-11.5470849036323,"1: signal"
"220",4.75794644985111,12.5928976913699,-10.448207181614,"1: signal"
"701",4.14137928564218,14.490333249793,-10.3072650461441,"1: signal"
"230",4.94659371375398,20.5743824708695,-11.5432969604692,"1: signal"
"272",4.63370113870998,-2.61560107963846,-10.831452383291,"1: signal"
"898",3.51712966043125,14.6119934911106,-11.7700722631983,"1: signal"
"182",4.50648033301333,14.2916222942799,-10.4753945262639,"1: signal"
"312",2.84763880744879,14.4404610631185,-11.16180649657,"1: signal"
"242",3.01027946199782,14.0565214990271,-11.8432813909031,"1: signal"
"815",3.04758537191117,14.7352237012888,-12.1649767890797,"1: signal"
"263",4.08950014227601,4.23002542724469,-11.4555882295981,"1: signal"
"658",3.2462926491469,13.1640548711594,-11.2074096426038,"1: signal"
"163",2.79636131159833,14.1335706062158,-11.8398211725924,"1: signal"
"535",3.78825672793313,13.9240917806878,-7.34531899743862,"1: signal"
"607",4.19270742240664,14.5649005160296,-11.2302768454863,"1: signal"
"303",3.48212003809173,13.9672285646754,-10.7622532973297,"1: signal"
"793",3.98444425479735,13.1499863862468,-11.8116004347163,"1: signal"
"111",3.92485524844161,13.265464512405,-12.4109908214037,"1: signal"
"706",3.85828286093544,13.778722659556,-11.0291397246313,"1: signal"
"403",2.77345899705731,14.9010971124532,-12.1105256509109,"1: signal"
"722",2.29061748475225,14.8348418612549,-12.3576412409439,"1: signal"
"564",2.80570374745959,13.1917003203939,0.639215574825373,"1: signal"
"650",2.16630112986579,14.3493388619798,-11.7767898906376,"1: signal"
"741",2.39533471491194,14.2690995753472,-12.2284066402279,"1: signal"
"763",2.84330180646139,13.6366025346491,-11.8065279250636,"1: signal"
"379",2.4768245823059,14.3244661600377,-11.4207650070431,"1: signal"
"629",1.81352958698493,13.3958254064071,-12.3264487056469,"1: signal"
"262",3.33290631801239,1.60927379898524,-11.6578631124622,"1: signal"
"342",2.49524416926232,13.6713966768905,-11.2715315385183,"1: signal"
"655",3.08083899080804,13.8204533808454,-10.9485001237787,"1: signal"
"448",2.14543073293747,14.5880472397144,-12.3228050455656,"1: signal"
"78",3.41309805802892,14.5449286408503,-12.1027609825051,"1: signal"
"478",2.05059323090046,14.5277230588797,-11.0370827452955,"1: signal"
"212",2.74243619761702,13.0172953118684,-12.5605367774832,"1: signal"
"390",1.97600212585344,13.4064418770076,-11.9836801852893,"1: signal"
"353",1.59406807557254,13.5249987739654,-12.6636298918985,"1: signal"
"378",3.16186087985546,13.5320741394368,-12.7454594616369,"1: signal"
"894",1.34058203661665,13.6657628055932,-12.5090457621471,"1: signal"
"464",2.53275788516013,13.9610748764609,-12.6235644337045,"1: signal"
"858",1.70752060423903,14.8697837828563,-11.7276472653016,"1: signal"
"788",1.96493319174927,13.7795085440788,-12.6460714106925,"1: signal"
"343",2.59997037397568,13.9591125505094,-11.1613316011853,"1: signal"
"115",2.17353153343133,14.618133792387,-11.6690241319463,"1: signal"
"806",2.5837110735086,13.4548411513589,-11.1259041981927,"1: signal"
"942",1.65749723916324,13.3238563029591,-11.7357844322248,"1: signal"
"778",1.71245433269812,14.9156682044877,-12.6397601444961,"1: signal"
"410",0.695947624754349,13.823500782133,-12.7126993234498,"1: signal"
"675",1.34478880168902,14.123862520283,-12.1622419026163,"1: signal"
"605",1.10353709685436,14.563943095226,-12.5614158856648,"1: signal"
"690",2.20685593173315,14.2450188856748,-12.3016804019036,"1: signal"
"117",1.44735591418249,13.9503343153531,-11.5952486121474,"1: signal"
"982",1.17735973935282,13.060203672377,-12.8177185543249,"1: signal"
"955",1.8502028027559,13.9651295271509,-12.9615262549868,"1: signal"
"102",1.90924277715755,13.9705271384294,-12.0491333580756,"1: signal"
"525",1.72464298670718,13.6906897186326,-4.0202413544653,"1: signal"
"257",1.25588540516026,-3.09242657083538,-12.864336686809,"1: signal"
"548",-0.0646169272799579,13.4160222738649,-13.5712984123495,"1: signal"
"689",1.31195858523346,13.5883769329476,-11.5182302176968,"1: signal"
"753",0.82587571681144,14.2906542435862,-11.7450717817328,"1: signal"
"481",0.417507636188363,14.4819988780954,-12.4497910673716,"1: signal"
"926",0.671220936745587,12.8794502428412,-12.5408235559911,"1: signal"
"760",-0.367228602887595,13.5069761099762,-11.2430612905453,"1: signal"
"770",0.941583174035381,13.2154487796105,-12.6015879073551,"1: signal"
"643",1.05322855062982,13.6961951819713,-11.3198131605148,"1: signal"
"372",-0.166878482876834,13.6772166028307,-12.4662442523863,"1: signal"
"227",0.0896841376272641,13.7072138792736,-11.8722293575692,"1: signal"
"553",-0.48484319942494,13.5134060642047,-6.33581725274564,"1: signal"
"868",-0.481052794431708,12.765769527606,-10.9878711359506,"1: signal"
"927",0.733406704381557,14.2647949007517,-11.0032599713444,"1: signal"
"418",-0.687661664324923,13.9094417301998,-12.3048669555717,"1: signal"
"638",-0.760611115857962,13.9980661315791,-12.2983895634385,"1: signal"
"504",0.947028857556988,12.7489022966063,-12.0198746397344,"1: signal"
"318",-0.833731485830446,13.4220410797582,-12.3073973332043,"1: signal"
"970",-1.02515674120573,13.5544705660193,-12.0385216448841,"1: signal"
"422",0.401382501242023,14.1404475436359,-12.6791194488637,"1: signal"
"442",0.710651902709625,12.3270358353872,-11.628419519257,"1: signal"
"944",-1.24447654648879,12.8066698663812,-11.3481339195608,"1: signal"
"508",-1.05681944763517,13.4406458987592,-12.5343374379878,"1: signal"
"207",-0.105644420145134,13.1839735339662,-12.1771688312802,"1: signal"
"703",0.463163973637276,13.9558189356147,-11.1435323098064,"1: signal"
"27",5.93388310558099,13.8492898447333,-11.4510588855548,"1: signal"
"475",-1.47329086333356,13.3840020313113,-11.8533286082959,"1: signal"
"781",0.276177140236098,12.2645711899043,-12.5337455503136,"1: signal"
"547",-0.801951905855167,13.3933298805098,-4.48158593153969,"1: signal"
"716",-1.65024680554638,12.6508909772564,-10.8120523702825,"1: signal"
"594",-0.604820382651604,12.6474982032462,-12.526269271944,"1: signal"
"85",-0.70549923191757,13.8407132419369,-11.0606677411038,"1: signal"
"314",-1.08098569067675,13.4611175127555,-11.861831405355,"1: signal"
"322",-0.980066381123833,13.7914195600802,-10.9720973833673,"1: signal"
"879",-0.572149968334323,13.4152944043526,-11.2841333421792,"1: signal"
"393",-2.0329838468207,11.8337777840902,-11.8267688257493,"1: signal"
"633",-0.381244826460561,12.7076090086859,-12.4810290813269,"1: signal"
"899",-1.97489815462548,13.3126615029775,-12.3149714990451,"1: signal"
"186",-1.94203765170447,12.1495069403249,-12.3731162606274,"1: signal"
"446",-1.11149074886145,12.2494186983601,-11.8077657427698,"1: signal"
"356",-2.14717018670926,13.1137451331281,-11.9395081999352,"1: signal"
"391",-0.845222007656395,12.6767395205023,-11.8168922546811,"1: signal"
"150",-2.25290014800236,12.4366207307737,-11.583224716361,"1: signal"
"345",-0.702548934496328,12.5278893724465,-12.3724570050965,"1: signal"
"818",-1.01391109922898,12.3329177178017,-11.7931143514451,"1: signal"
"287",-0.947013523152904,12.1251241107405,-11.3264450029016,"1: signal"
"580",-2.2312825833865,13.3832550600969,-11.5309170285044,"1: signal"
"618",-1.36780996187929,11.5852151198543,-11.3612711531396,"1: signal"
"324",-1.19459557523902,13.1589626663461,-10.6331139108555,"1: signal"
"836",-1.50133540616686,12.7928734712677,-11.5897712567785,"1: signal"
"6",-2.12151439380807,12.1655215601902,-10.5532784455055,"1: signal"
"439",-2.09345599313238,11.3791926617116,-10.6587876149784,"1: signal"
"609",-1.02128020819512,12.3282416140407,-10.5568803392471,"1: signal"
"503",-1.66811831137863,12.6816964057537,-10.8068918842425,"1: signal"
"419",-1.90470340621341,11.9466119175639,-11.0356358349073,"1: signal"
"165",-2.00464247735744,11.6053115824793,-11.6116093197164,"1: signal"
"776",-2.5006719225726,12.9908225345979,-11.8693300541114,"1: signal"
"922",-2.93800148183851,12.6999027727888,-11.8598469331702,"1: signal"
"395",6.30990523680066,-1.20531825274498,-6.62660685204392,"2: ev1"
"37",5.6609949044221,9.73471173237138,-10.4353615187344,"2: ev1"
"409",6.58515433051598,-3.74236526311449,-5.13155100352105,"2: ev1"
"864",17.2012601995279,-20.2394404513877,1.76562867057516,"2: ev1"
"515",10.0820462769907,-7.30597288229057,-4.3717185896023,"2: ev1"
"206",3.49695654009378,3.64440930036689,-7.06842481424346,"2: ev1"
"816",15.8242509253536,-16.4992774495909,-0.71761195340707,"2: ev1"
"50",-7.47599506910287,7.65925024506639,-9.26775317689186,"2: ev1"
"812",14.5976323622149,-16.6347400534981,-0.228305850843661,"2: ev1"
"452",7.05110721392509,-4.00477898839244,-4.97254703508338,"2: ev1"
"4",-1.5299280552353,10.9427674092786,-10.4618033133409,"2: ev1"
"517",9.6760589238499,-7.58873347188253,-3.19886317034416,"2: ev1"
"136",1.99490023929828,5.01038207899099,-8.33447752863472,"2: ev1"
"569",10.8462952080229,-8.76313340090671,8.94477930602117,"2: ev1"
"511",8.6589964631877,-6.42911546051282,-4.39371093011235,"2: ev1"
"223",3.22897763102849,1.2042388755015,-7.38261612453242,"2: ev1"
"908",18.866228352881,-22.1147784622398,3.19887516837223,"2: ev1"
"931",19.3589251982936,-24.3416541430567,1.78220134160598,"2: ev1"
"854",16.1320604853544,-18.8301283999476,1.06518021050191,"2: ev1"
"71",-7.97293347207378,5.26715035903002,-7.58802235903334,"2: ev1"
"821",15.4473601650689,-19.2157137608048,0.864643926320385,"2: ev1"
"490",7.68063224886094,-5.41267355175464,-3.2550977049531,"2: ev1"
"399",6.4550139980463,-3.12048200528181,-5.39284349845102,"2: ev1"
"957",18.6788425736357,-25.8634538596132,3.30144713003568,"2: ev1"
"900",18.4929082962771,-21.4713664402606,2.66139697733244,"2: ev1"
"593",10.7435003270461,-11.3908206692765,-1.51238718387369,"2: ev1"
"583",10.932955714607,-11.5182308543626,-2.41591871421061,"2: ev1"
"368",3.93002323901383,-2.15091408518137,-4.04115409102555,"2: ev1"
"649",12.064285616722,-13.7259916795026,-0.851063787223106,"2: ev1"
"531",9.65028864093151,-9.12855766678608,0.19379497812825,"2: ev1"
"636",10.4486064844809,-12.655324718612,-1.44318120087789,"2: ev1"
"670",12.2092124884997,-16.0882562586623,0.352614904558582,"2: ev1"
"639",11.7324256899898,-13.9381694915052,-0.944042584879615,"2: ev1"
"905",17.7670435278329,-23.9511562921497,3.47981311520391,"2: ev1"
"91",-0.0699277782497543,3.05344020257605,-8.17830710703967,"2: ev1"
"755",14.6616873314865,-17.9499288265987,1.16203536166562,"2: ev1"
"14",-3.2603008183722,8.80267484771584,-9.48892829883283,"2: ev1"
"235",2.47386346257132,9.57206313725544,-5.08625437217522,"2: ev1"
"72",-7.412457616077,4.27666888716891,-6.66377873510617,"2: ev1"
"178",1.87322187895934,2.26785932871844,-5.80090602228873,"2: ev1"
"247",3.49608929554294,8.78537546961242,-5.83343408229495,"2: ev1"
"702",12.1592946259015,-17.5716175085045,0.378085794147088,"2: ev1"
"66",-9.51864757181668,5.5919765476618,-7.84020094031506,"2: ev1"
"886",16.6834038901394,-22.4234530646451,3.08499869341385,"2: ev1"
"295",3.34068944438281,-2.06297425166273,-5.24750274367589,"2: ev1"
"52",-12.1754662055232,8.81607051101318,-8.42038445114572,"1: signal"
"947",-3.99108253277539,8.81712877077287,-8.52518398752779,"1: signal"
"402",-3.63389391626712,9.82949900493617,-8.96186699921144,"1: signal"
"429",-3.54713298989404,8.67259183649591,-8.46998076211001,"1: signal"
"190",-4.2227098819933,8.87984889715768,-9.20807408894852,"1: signal"
"883",-4.58305271983879,9.3893914732195,-9.19479710457831,"1: signal"
"339",-4.38448853683641,8.99550725694177,-9.56814125923035,"1: signal"
"474",-3.60912821159188,10.1855067052118,-9.66047180125523,"1: signal"
"557",-4.11052810324232,9.23144296791482,-1.0617286922224,"1: signal"
"462",-4.0668659204023,9.29445628891358,-8.64291501884006,"1: signal"
"576",-3.13503500913422,9.70293154591747,-7.77805907628641,"1: signal"
"106",-4.16183176369927,9.90168598522524,-8.74549046794752,"1: signal"
"652",-3.54073845657685,9.53919129007555,-8.8487550414434,"1: signal"
"398",-3.63604703082789,9.76763404173206,-9.3474614722193,"1: signal"
"414",-3.90909643841956,8.37276953326283,-7.64459625356992,"1: signal"
"180",-3.67403953306496,9.20125519633248,-8.71028987207281,"1: signal"
"415",-4.54819078626331,9.21633955099645,-8.37379064041195,"1: signal"
"184",-3.34331439005586,8.26671223528305,-9.08738663012304,"1: signal"
"296",-4.36582091399769,8.46216113402391,-7.22137494154086,"1: signal"
"270",-4.42127378847421,1.69448013708492,-8.66456018617984,"1: signal"
"805",-3.51874014747153,9.51934121696616,-8.23650325919442,"1: signal"
"729",-3.20963974696102,8.88395800064727,-8.20682619705977,"1: signal"
"225",-3.78123925142295,18.1693706559432,-8.03650289756768,"1: signal"
"443",-4.33101848354119,7.81732962538232,-8.64903427489957,"1: signal"
"265",-4.46617428890076,3.63466774538166,-8.05015074424958,"1: signal"
"579",-4.89870020674211,7.86551569635218,-7.06732604375683,"1: signal"
"663",-4.53850316236848,8.45991982623493,-8.17024331485052,"1: signal"
"44",2.82789765413827,8.79545252896068,-6.74030601300929,"1: signal"
"940",-4.8777363275925,8.90344981536714,-7.69603428982316,"1: signal"
"179",-4.95886142696213,8.820207713865,-8.43039461813842,"1: signal"
"96",-4.67330480812361,7.39024326117684,-7.35937622297579,"1: signal"
"586",-3.32443416859126,7.76583327413145,-8.11398931270303,"1: signal"
"333",-3.48020702768882,8.49932241652935,-7.3103278974376,"1: signal"
"338",-4.11332059388115,8.2294512853516,-6.65812841768999,"1: signal"
"911",-3.94932780209794,8.05503487140115,-7.17112199104672,"1: signal"
"280",-3.2151905240989,8.14254982401796,-5.9741688957909,"1: signal"
"56",-12.0012046917048,6.9657818702728,-7.04964397607612,"1: signal"
"692",-4.12148392418506,7.24992517333742,-7.0133236391742,"1: signal"
"237",-4.59401977873314,12.6825383392432,-6.47537646162893,"1: signal"
"86",-4.04660221730776,7.06692481779735,-7.49337650311022,"1: signal"
"170",-4.54878713538182,7.57980419690913,-6.11401541720426,"1: signal"
"803",-4.93157162817656,7.660411863921,-5.77385083162974,"1: signal"
"461",-3.82687831308508,6.41456585334985,-7.17289245378947,"1: signal"
"660",-3.6279759108972,7.29655089353523,-5.82187896379477,"1: signal"
"794",-4.61317779338199,7.69901519835849,-5.97005310163416,"1: signal"
"16",-3.39028740821987,6.60502646382078,-6.96827306482244,"1: signal"
"833",-3.18990630888676,6.51126351602116,-6.30404381331284,"1: signal"
"626",-3.35964393938293,6.83438203515847,-6.71455537808366,"1: signal"
"3",-3.89939488263637,6.02417233851599,-5.76786215378488,"1: signal"
"617",-3.91483138544656,7.01156838251017,-5.64379879822801,"1: signal"
"151",-4.32235596661689,6.55751800208581,-6.13642782168908,"1: signal"
"613",-3.75268088727185,6.71161820284741,-6.7861228732028,"1: signal"
"456",-3.07741090769843,5.7867608297555,-6.03300832298063,"1: signal"
"591",-3.66002885178175,6.17836476372321,-6.73920358178107,"1: signal"
"299",-2.9100050429077,5.95236107642232,-4.90591252954698,"1: signal"
"950",-3.43235309380396,7.09576718998743,-4.9896870091071,"1: signal"
"483",-3.73011021928941,6.3209490255145,-4.91166170165827,"1: signal"
"501",-4.75653381465033,5.26311926986711,-5.13388326100191,"1: signal"
"26",1.83397137026031,6.80848964882997,-5.98655327776528,"1: signal"
"612",-4.20668162155805,5.13621611789806,-5.29897681431072,"1: signal"
"387",-4.40702328442043,5.92618862918795,-6.28463561896104,"1: signal"
"173",-3.74722565862021,6.78259365358263,-6.25827849471524,"1: signal"
"428",-4.45818533104571,5.52110859134674,-4.65492621653651,"1: signal"
"200",-4.10624128369989,6.21315529236999,-4.33130885721927,"1: signal"
"872",-4.46556007211283,6.56710282545037,-5.63504377306371,"1: signal"
"867",-4.38444413560942,4.8898327866845,-5.30932718356783,"1: signal"
"571",-3.10414671920022,6.22893345499285,-4.41579244848456,"1: signal"
"57",-11.6770713927164,6.79956467412888,-5.17601896969603,"1: signal"
"139",-3.18704832276905,5.14801248248426,-5.32942332419015,"1: signal"
"54",-11.1879080489291,5.98190821844457,-4.1026063997916,"1: signal"
"566",-3.73788644267806,5.70680660877807,-4.05518412886225,"1: signal"
"918",-2.78443854629347,5.45809786961154,-5.23727715471688,"1: signal"
"798",-3.19002018302526,6.16244098440476,-4.21057655551377,"1: signal"
"930",-3.86651025471447,5.82900868454795,-4.36705382769858,"1: signal"
"192",-3.71746319772942,6.28035832428524,-5.02325748069972,"1: signal"
"463",-3.19015888753917,5.32853026295705,-3.84023826665698,"1: signal"
"783",-2.42636837968195,6.05891409735917,-5.33067007520295,"1: signal"
"83",-3.47975644689138,5.33471599998018,-5.29952360606143,"1: signal"
"95",-3.5085501174097,4.99402765935916,-4.24452605676152,"1: signal"
"252",-3.63119944625732,-3.1341972795362,-5.39776349233847,"1: signal"
"33",1.88410646097199,5.39263358631606,-3.73137885641599,"1: signal"
"18",-3.08593160478264,6.31976240928168,-4.54250194680889,"1: signal"
"597",-2.7848921680049,6.17798657262052,-5.43560175015133,"1: signal"
"168",-2.36317947786884,5.82262549333363,-5.32525402206082,"1: signal"
"966",-2.29357518947676,4.87177207839813,-3.46525950903093,"1: signal"
"99",-2.75760084508106,5.16100348315808,-4.34131965298063,"1: signal"
"298",-3.57062876501714,4.72082008440704,-3.46073455034572,"1: signal"
"90",-3.73458198043427,4.17267358197628,-4.60777211060851,"1: signal"
"421",-2.22063475411072,5.71459960575638,-4.41846742619719,"1: signal"
"118",-2.82824278359519,3.99022924615377,-3.93299946603141,"1: signal"
"704",-2.2072979825196,5.11941701722365,-3.51605816524026,"1: signal"
"261",-1.76789980323433,-3.62133665932652,-2.77440059647089,"1: signal"
"492",-2.16091802177461,4.98039715668083,-3.65808806918436,"1: signal"
"691",-3.45697677061337,5.1346327951091,-4.5531664685772,"1: signal"
"79",-1.90636735795223,4.20262525879155,-2.78067454411036,"1: signal"
"974",-2.63905152623697,5.43850003615463,-4.20844140492466,"1: signal"
"392",-2.42620475979938,4.1689239991103,-3.85650653246918,"1: signal"
"678",-1.75872889583672,4.72355109208905,-2.69913249305707,"1: signal"
"470",-2.70583861616347,5.1260167002378,-3.41137258942167,"1: signal"
"116",-2.64865078737216,5.42026702027339,-4.17608144703411,"1: signal"
"288",-2.17656260104493,4.17951820335035,-3.88234476046978,"1: signal"
"445",-2.62219443633728,4.22584538321629,-3.28101437819029,"1: signal"
"975",-1.97711487683271,4.56023059099648,-3.10000813033827,"1: signal"
"113",-2.26667832383286,3.76580039825945,-3.89332746219292,"1: signal"
"450",-0.879376112755859,4.79772851619516,-2.30005808387045,"1: signal"
"506",-1.54403993651725,4.04297386961718,-2.15563450896287,"1: signal"
"454",-1.04530418879351,3.94683840204304,-3.17654807075418,"1: signal"
"623",-1.89759453198104,3.85986200112918,-2.49067434856942,"1: signal"
"161",-1.86646199434708,4.12831554103171,-3.00248748914576,"1: signal"
"510",-2.45770966392874,4.61067291976495,-3.25660977877787,"1: signal"
"589",-1.51334168409556,3.17974587624007,-2.39858268160414,"1: signal"
"217",-1.83215984530388,4.9392830071771,-2.54328153284269,"1: signal"
"754",-2.1513949838456,4.17572453816282,-3.29107836177316,"1: signal"
"9",-2.197900260968,4.19613648277646,-3.18806356272685,"1: signal"
"574",-2.26143008641213,3.8977079076024,-4.27821907915323,"1: signal"
"896",-0.821386202458493,3.88950927412407,-2.78109622124505,"1: signal"
"986",-1.91301706174493,4.8821105871254,-1.61327486403578,"1: signal"
"497",-1.35642731488488,4.24353195556648,-1.718876109703,"1: signal"
"465",-1.24756313656519,3.07367743805744,-2.44049396740746,"1: signal"
"131",-0.459921623687312,3.26184507446298,-2.02837258489319,"1: signal"
"512",-1.6355566255871,4.0092490270753,-1.55696125984083,"1: signal"
"479",-0.489130708120865,3.81039164404196,-3.38712114599495,"1: signal"
"326",-1.34595337349963,5.01741914606601,-3.01486448184226,"1: signal"
"659",0.0016999963198232,3.50602945051594,-1.42483715101488,"1: signal"
"746",0.126989703509023,3.01446703200203,-1.35047849637445,"1: signal"
"822",-0.493181077664592,4.32369175725985,-1.62129338303178,"1: signal"
"311",-1.00615725462821,4.11705157226552,-1.57023651910638,"1: signal"
"291",0.0334504107980482,4.53114678633458,-1.2605759416631,"1: signal"
"425",-1.2939320103555,4.2261075339437,-2.4110433380827,"1: signal"
"290",-1.21537994371447,3.40515496470976,-1.99604788171339,"1: signal"
"882",0.189457570874161,3.80144785748366,-2.22074039884039,"1: signal"
"300",0.318509949473543,4.05815248534441,-1.82017714474743,"1: signal"
"615",-0.702473545159974,4.18919278680235,-1.91897281352776,"1: signal"
"130",-0.582760725864987,4.34437788235088,-2.81121982385321,"1: signal"
"994",0.49783132147201,3.27178324637667,-1.25987854404176,"1: signal"
"458",-0.898999518817005,4.91404422774871,-3.07992280201406,"1: signal"
"472",-0.665681050469137,4.45682330742264,-1.87759551834906,"1: signal"
"183",0.209550080731926,4.8522050582445,-2.63331166256358,"1: signal"
"325",-0.484694531003126,3.9059661639691,-2.76419361906336,"1: signal"
"36",6.48428854897235,3.24116762042786,-3.05591400681045,"1: signal"
"840",0.500389706198609,4.26936858137914,-2.74757108821814,"1: signal"
"533",0.504091564275626,3.94103838848701,-5.97512601066673,"1: signal"
"676",1.26251859971054,4.37811384301381,-1.48467859483299,"1: signal"
"600",0.866691041505405,4.77345725851045,-2.05147329781136,"1: signal"
"712",1.08448251610474,3.78901891261162,-2.80248075297046,"1: signal"
"11",-0.0783768826614761,3.19169952737219,-2.40027634966552,"1: signal"
"877",0.0615665809717663,4.49482320221874,-1.830677466548,"1: signal"
"468",-0.282100312501005,3.89923133064386,-1.04268461507228,"1: signal"
"680",0.362116063887413,3.26959791079209,-2.30940554576836,"1: signal"
"958",1.37314199337342,3.4959519779757,-3.00589639775507,"1: signal"
"160",1.47785275952271,3.79615540522092,-1.45705274084108,"1: signal"
"239",1.46908643869109,16.8321229330605,-2.04271222624811,"1: signal"
"541",1.27849027535779,3.70487406919165,-10.5926136150818,"1: signal"
"431",1.34885338598847,4.59772960299348,-2.92273146257379,"1: signal"
"853",1.4147193269702,4.91442375705972,-2.84324762926777,"1: signal"
"100",1.97765207091535,3.86550935507911,-2.01519592778795,"1: signal"
"142",0.348044379106222,3.5129352254758,-2.36467933058189,"1: signal"
"145",0.486532050891472,4.79439127712968,-2.87356462541028,"1: signal"
"208",1.74139436371971,5.05521884560738,-1.72180501121229,"1: signal"
"526",1.27148185358624,3.71844510310991,-6.94227796927175,"1: signal"
"175",1.61657004730187,4.96922245093034,-2.20674635208475,"1: signal"
"155",2.06363505110535,4.44772805379668,-1.22174709582939,"1: signal"
"153",1.07254506464664,3.75520168673101,-2.86168263936356,"1: signal"
"22",1.69029486483448,3.53257581057677,-2.44319520207082,"1: signal"
"568",1.16401997539062,3.85389246330903,1.53673960760042,"1: signal"
"985",1.66072877106043,5.21823087633104,-1.15207213665464,"1: signal"
"522",1.20459009195061,4.72123546009741,-2.45732030843437,"1: signal"
"809",1.57312982214349,3.88422570863631,-2.77245683041656,"1: signal"
"681",1.44880737776659,4.81155276175494,-1.88836225244667,"1: signal"
"427",1.91830842432775,4.08562489197792,-1.17111706696753,"1: signal"
"845",2.21522497190925,3.79531621241435,-3.08055468626192,"1: signal"
"514",2.88637317934374,4.75896374634134,-2.79316129876794,"1: signal"
"62",-6.12010912552032,4.77718221699001,-1.70312447545666,"1: signal"
"210",3.221147688653,4.70984084506166,-2.97612468409003,"1: signal"
"799",2.21238865859102,5.06170122990149,-1.4997122366504,"1: signal"
"714",1.86185870906772,4.86346043947457,-2.00769542471104,"1: signal"
"255",2.04614071403967,2.75462090561097,-1.81303904828,"1: signal"
"346",3.08945423225425,5.77249871589108,-2.62457854533274,"1: signal"
"559",2.07874688311512,5.92790681936981,2.02366858590259,"1: signal"
"587",3.65301855859107,4.2907017003734,-2.94445854089899,"1: signal"
"841",2.93740791363025,5.69782808229481,-1.35727912540465,"1: signal"
"380",2.50593958545715,5.56385179696929,-1.51894830116235,"1: signal"
"166",2.29632436179894,4.35986322232808,-1.53374698920834,"1: signal"
"60",-5.02691306834239,5.23964265993666,-2.06225273561614,"1: signal"
"969",3.20134034917628,5.02281367986001,-2.84301970265054,"1: signal"
"556",2.73002817187623,4.81546937734429,-2.42394314419719,"1: signal"
"888",3.41529834194311,5.98114919973589,-1.82570357260267,"1: signal"
"762",2.82707103743974,5.2625304577781,-2.30508431300473,"1: signal"
"992",2.55549729167834,4.30202733188344,-2.45702213889598,"1: signal"
"734",3.00969097570676,6.01165674921359,-3.18994931716625,"1: signal"
"455",3.30733098928322,6.16732590794166,-3.45316390607118,"1: signal"
"767",3.15030284537286,4.40013050919996,-3.47303123056739,"1: signal"
"771",3.40393678742545,4.83035609522045,-2.88454757675742,"1: signal"
"774",3.25229092969373,4.6936502274323,-3.105031955223,"1: signal"
"327",3.1083068608184,5.91301432396841,-1.82813908979565,"1: signal"
"348",4.359278787609,6.41749664582117,-2.62399128393877,"1: signal"
"759",3.62633654508907,6.278504309885,-2.72989000316986,"1: signal"
"141",3.60698679395575,6.39441302231631,-3.04847408733047,"1: signal"
"432",-3.46427389911315,12.5633401742936,-9.38353679635055,"3: ev2"
"925",-10.3295498797224,19.6480715591529,-16.8807167211178,"3: ev2"
"578",-5.69807747294021,16.4128932170817,-13.0333648491467,"3: ev2"
"276",-0.977466085400401,9.3614686258575,-7.93290519378737,"3: ev2"
"301",-0.342510310174043,11.4070448894585,-7.56869858664169,"3: ev2"
"138",1.47260446918583,7.72979862952071,-4.79044089778959,"3: ev2"
"376",-2.47049230040437,13.4449762184873,-10.3575924090379,"3: ev2"
"305",-0.392588863776346,10.5045481676777,-8.42515762396622,"3: ev2"
"682",-7.43252132103547,17.768805241482,-13.5523722356033,"3: ev2"
"742",-8.57490883046229,18.0326818291422,-16.0677779951481,"3: ev2"
"82",3.72750086638224,6.12577945763176,-4.20862142232785,"3: ev2"
"738",-7.54572514543952,17.5862415881475,-14.7936626100437,"3: ev2"
"231",2.20620310827292,22.9310812867057,-5.60414097680813,"3: ev2"
"509",-5.67773611318157,15.7082124458171,-12.9064053754892,"3: ev2"
"710",-8.29432141737563,18.3943946063044,-15.5352736709442,"3: ev2"
"93",4.41326781827166,7.00073184823666,-4.0829790273284,"3: ev2"
"819",-8.46309951117143,19.7472482169388,-17.2766000344692,"3: ev2"
"316",-1.78702156958934,12.2955420917982,-10.0689765373047,"3: ev2"
"766",-7.61195049939204,19.4642514239138,-16.1253310813589,"3: ev2"
"367",-3.02179221841922,13.5286181354267,-10.4031535954849,"3: ev2"
"176",2.04793738500095,8.5629599993443,-4.86917031453962,"3: ev2"
"196",2.66454282439234,9.38554830798774,-6.63134540045614,"3: ev2"
"498",-3.59507581631861,14.5141456952448,-11.5757470004301,"3: ev2"
"782",-9.44037337170655,20.2625275568016,-15.9645052687049,"3: ev2"
"657",-5.43022321962867,18.3026474844678,-13.6370669077498,"3: ev2"
"234",2.3665224313789,23.4394527126489,-7.65273032277211,"3: ev2"
"952",-10.4276183040374,22.1828028935999,-18.3905179895751,"3: ev2"
"309",-0.781873491416966,11.7273912448277,-10.0393581331205,"3: ev2"
"243",0.690371483511632,15.5800378230727,-7.84342332820397,"3: ev2"
"610",-5.38335628785709,16.848457071719,-14.2476583312273,"3: ev2"
"532",-4.8136425292422,17.4297580495234,-13.2800470273872,"3: ev2"
"104",3.03862949856223,8.86617512395252,-5.61890063576588,"3: ev2"
"271",1.08647345919691,1.02480974346574,-8.2358457182339,"3: ev2"
"971",-9.3808830492381,23.2380719639979,-19.5472454432196,"3: ev2"
"434",-3.39100451011948,16.211322137449,-11.1421183664177,"3: ev2"
"340",-0.804596964650073,14.6027308420447,-11.109368343589,"3: ev2"
"967",-9.02953312566367,21.4883099684667,-18.6304022718586,"3: ev2"
"507",-3.80654307670854,16.1010215149976,-13.3095450033481,"3: ev2"
"246",5.77039756555322,17.041762995729,-3.45667824463669,"1: signal"
"124",4.45164613993782,6.97395975989741,-4.41938129331442,"1: signal"
"686",6.26089669344647,7.61022918720258,-5.31119516160664,"1: signal"
"797",6.19977586451001,7.2995946159637,-3.75089449725953,"1: signal"
"903",5.14031093929632,7.55101177012107,-5.14128516840395,"1: signal"
"34",11.2418124619325,8.73249604475363,-5.4179644068402,"1: signal"
"188",4.61093869222598,8.59301212853371,-4.23543863264473,"1: signal"
"123",5.41091612447033,8.99881098174297,-4.54420825181372,"1: signal"
"769",5.8212480686079,8.92261182044407,-5.48149441791888,"1: signal"
"435",6.00309136708444,7.82627808531625,-4.70143977608145,"1: signal"
"189",5.77901024673214,9.16163001619645,-4.54785287617287,"1: signal"
"606",5.06100470395525,8.1769289306963,-5.23085945706,"1: signal"
"84",5.67890072007286,8.63101380787136,-5.54860465292484,"1: signal"
"308",5.79466908953239,8.91072537504767,-4.94210879028446,"1: signal"
"642",5.82680941391085,8.18181223280583,-5.64354269880102,"1: signal"
"143",5.81754235294185,8.65407389391213,-4.63305832877828,"1: signal"
"807",6.63381640174587,8.50730775729438,-4.63139420907838,"1: signal"
"125",5.73204885996364,8.16647592156046,-5.13907089964659,"1: signal"
"727",6.38723769310735,8.84381546270057,-5.43432116874381,"1: signal"
"550",4.93766558254826,8.28707232375529,-6.65389161029613,"1: signal"
"863",4.92831382427874,9.97532348326478,-5.20247714222779,"1: signal"
"63",-1.34179016602447,8.68344651412292,-4.81586628906488,"1: signal"
"539",6.66962810613719,8.85969823591164,-3.85213550400157,"1: signal"
"256",6.6680833996431,-3.61856110090835,-6.27223713871133,"1: signal"
"808",6.42449285426034,10.0868503287366,-5.7506119625322,"1: signal"
"317",6.01016538579268,9.92753975577596,-5.72115328713141,"1: signal"
"881",5.42607082780928,9.39215980859808,-6.41453041654364,"1: signal"
"31",12.083285129517,9.62714365740929,-5.57568816300717,"1: signal"
"467",5.37623825645054,9.79879619818895,-5.60782600069305,"1: signal"
"993",6.27856625991575,9.73306724188704,-5.22162248841324,"1: signal"
"749",5.48789508806975,9.60390257123292,-6.81148083840319,"1: signal"
"486",5.89135624372452,9.20787036811869,-5.22880452584993,"1: signal"
"229",5.45486348657979,20.0313446279547,-6.44679163161406,"1: signal"
"874",5.25694971946483,10.4856507491077,-6.32521055496281,"1: signal"
"735",5.63652125650364,8.94213947724686,-5.78094051071924,"1: signal"
"855",5.47516657769183,10.1580596005862,-6.28272592178551,"1: signal"
"357",6.16974577151046,9.42303080196133,-5.67407560732654,"1: signal"
"29",11.7502072830616,9.83931672413918,-6.28246388077017,"1: signal"
"789",5.54492132303855,10.3552139544952,-7.43325618692675,"1: signal"
"688",5.22160424419893,10.8397175625214,-6.11749443009555,"1: signal"
"172",5.26524502128705,10.247949522613,-6.62141698847872,"1: signal"
"648",5.15515964817057,10.3316793600903,-7.67633507023509,"1: signal"
"518",6.33437801361524,9.68040243952477,-6.7992384848712,"1: signal"
"756",5.23918064244893,9.75405831972265,-7.16270795654533,"1: signal"
"728",5.7566843916947,11.314903737585,-5.98584812184002,"1: signal"
"765",6.15211031523684,11.340874069957,-7.23935501795,"1: signal"
"349",6.83455961445931,10.0711153425627,-7.52098927194586,"1: signal"
"810",5.22636773845969,10.1270457599613,-7.89270817438886,"1: signal"
"266",6.04105092709555,-2.9847904156153,-7.46553569935589,"1: signal"
"471",6.44002952927575,10.8085838699684,-8.03241871413179,"1: signal"
"330",5.54494984625389,11.8011088555744,-7.58158320325261,"1: signal"
"313",5.01236406403437,11.3885577133649,-8.03181278274199,"1: signal"
"500",6.45033366840771,10.6433971874363,-8.60410813507349,"1: signal"
"625",5.79757808375408,11.9145184816969,-7.56769839850788,"1: signal"
"121",5.35159181358201,10.737050178063,-8.82335023870554,"1: signal"
"546",6.40574504144857,12.2538287731667,-14.9140741662119,"1: signal"
"731",4.92585031360378,11.1701135523665,-7.72953958506946,"1: signal"
"248",6.1905796135371,18.9319540046426,-8.0299961856138,"1: signal"
"88",5.14513204469502,11.4416725769607,-9.03330138434398,"1: signal"
"893",5.48834654567869,11.95239302641,-8.48980903716238,"1: signal"
"267",6.17739964752281,-3.30507037211558,-9.23633332600785,"1: signal"
"846",6.46434947591205,11.4720902573015,-8.65625286185686,"1: signal"
"216",6.76312458658781,11.6580427218543,-7.52558908960525,"1: signal"
"293",4.85914711477914,11.541552061166,-8.81876310052952,"1: signal"
"827",6.26940334780994,11.3963018641189,-7.79812244905208,"1: signal"
"811",5.53521221609193,11.8496239405964,-7.95775559006627,"1: signal"
"991",5.17583493463145,11.7500081445375,-9.49176145606908,"1: signal"
"608",4.88413917590723,11.3479534789018,-8.00323891490236,"1: signal"
"363",5.53744394049319,12.4730708121369,-8.38598852612446,"1: signal"
"404",5.35081218653646,11.4846480074331,-9.58743415796469,"1: signal"
"984",5.17879618454096,11.2888837224301,-8.52616089152206,"1: signal"
"249",5.06945421233695,11.4986222558042,-9.57361382072824,"1: signal"
"909",4.80497866022626,12.7481599006875,-8.77010869136638,"1: signal"
"634",6.47818286173512,12.6268521286317,-9.6933270450448,"1: signal"
"154",5.03075320260675,13.3459217829534,-8.71726572033264,"1: signal"
"224",6.08848607467787,13.2161070915096,-8.20225000839684,"1: signal"
"838",5.79995515241989,13.0311958854333,-8.92412649263485,"1: signal"
"910",5.4901300655732,13.3312338348465,-9.99549517545818,"1: signal"
"787",6.31032181597995,12.4560758383531,-9.22274342658238,"1: signal"
"198",5.2786697918998,11.5978243946284,-8.80404623800996,"1: signal"
"698",4.73181170013839,11.7453189188625,-8.89843352151953,"1: signal"
"758",6.17743242267338,13.3843908499635,-9.09308757890766,"1: signal"
"979",5.45958190861476,13.4036571657272,-10.3984274866193,"1: signal"
"739",5.37830297284035,12.644077128168,-9.65382144984494,"1: signal"
"482",5.72429915453756,12.3137694299206,-10.5616544294778,"1: signal"
"538",5.1385420371158,13.0790044427922,-3.82478674028027,"1: signal"
"75",-3.79615149627124,13.4804506856889,-10.2369034189339,"1: signal"
"45",11.2449671359192,12.8635098556903,-10.5809752254344,"1: signal"
"194",5.91604577553629,13.3414238405758,-9.82969874006153,"1: signal"
"635",5.63548262737276,13.0045010208537,-9.39313437523442,"1: signal"
"980",5.53943120735196,12.6175804725147,-10.1121472278561,"1: signal"
"430",5.47234686267615,12.7886115507009,-9.77125590628199,"1: signal"
"162",4.79064459819648,13.477605697265,-10.0370061412537,"1: signal"
"74",-2.76554972609669,12.588106689616,-11.2691634893618,"1: signal"
"761",4.889036640988,12.8348912696223,-9.48260009639922,"1: signal"
"685",5.02689821991489,14.1508856313963,-11.3470232814337,"1: signal"
"400",4.98689247398743,12.7469291659728,-10.1518280072723,"1: signal"
"28",9.61027177745744,13.535496122709,-9.71229264981194,"1: signal"
"226",3.72366941525527,10.649513361293,-10.7855782129154,"1: signal"
"218",4.23301542644604,12.9510954276541,-10.5375667157341,"1: signal"
"355",4.32821864495555,13.4303763727741,-10.727085723133,"1: signal"
"592",3.23864537564443,13.6435640456187,-10.1364134780945,"1: signal"
"695",3.9824430181267,12.8307469834258,-10.0479559743782,"1: signal"
"55",-3.79899271348345,13.14644842196,-11.6750149201129,"1: signal"
"989",3.89043033510627,13.4861870000852,-11.4852452909196,"1: signal"
"674",4.14572685657214,14.4584012682712,-11.0360957631797,"1: signal"
"373",2.94787318920436,13.55693731337,-10.4135524293626,"1: signal"
"53",-3.96250578611452,13.5523688204963,-10.3526797243336,"1: signal"
"334",3.38084513673694,14.245740576523,-11.4233788978284,"1: signal"
"737",3.56481252861708,14.0969702616089,-11.0618258813532,"1: signal"
"374",3.53449221645218,13.877446458844,-11.4528059734282,"1: signal"
"205",2.9490549950928,13.2476403741755,-11.0804644692605,"1: signal"
"573",2.52391972007763,14.4781488234816,-7.02710340824564,"1: signal"
"949",3.92014441947084,13.4966743542351,-11.3539534458748,"1: signal"
"878",3.14462253424569,14.2390670797509,-12.2815117553004,"1: signal"
"560",3.83612963044498,14.6982029663604,3.04952676045759,"1: signal"
"866",4.29363778692942,13.1462689485109,-11.3718117117641,"1: signal"
"132",2.8703021779219,13.7779138510427,-12.2577199635927,"1: signal"
"416",3.18235325293843,13.8929094157056,-11.3852990715915,"1: signal"
"726",3.7772872475531,13.6529051497686,-11.6163511394496,"1: signal"
"785",2.63952449940595,14.7186991140177,-11.714505922204,"1: signal"
"869",2.49086121283863,12.9377870067224,-11.1022065860578,"1: signal"
"948",2.72218782801475,14.3196315640458,-12.0463475516859,"1: signal"
"70",-4.99934054704461,14.5175569427917,-10.9743506783488,"1: signal"
"273",2.80589806090329,1.03642889317323,-12.4389981219186,"1: signal"
"933",2.08693918549023,14.5461578485181,-12.0525851995982,"1: signal"
"983",3.73943139120802,14.0840563183847,-11.0348451708765,"1: signal"
"359",2.94354763769261,13.1767423388465,-11.1846647695819,"1: signal"
"880",2.29257491213067,14.2524170688431,-10.918854659168,"1: signal"
"988",2.73071739582938,14.2141875066254,-12.1482494494425,"1: signal"
"895",1.69290324055535,13.4521390848335,-12.49757889809,"1: signal"
"924",3.36767795220462,13.4306315302318,-12.2138553862748,"1: signal"
"641",2.1598554477134,13.1295644881896,-12.2299959050783,"1: signal"
"824",1.61333482408907,14.0902127087484,-11.169630608668,"1: signal"
"570",1.86173758762616,14.3914385748293,-7.36234911772039,"1: signal"
"147",1.85242689079894,13.6341855329629,-12.6458982568011,"1: signal"
"336",3.07604503585942,13.6771386027781,-12.1489143587939,"1: signal"
"552",2.18112308157964,13.384240037406,-4.81893539647986,"1: signal"
"209",1.08604407540755,13.0820256156565,-12.2340761100249,"1: signal"
"347",1.40483241289345,13.7619783963184,-12.0043386051035,"1: signal"
"928",2.10771613033096,13.3431004642199,-11.3179392336887,"1: signal"
"632",1.73631567995014,13.2951288554538,-12.7692979203284,"1: signal"
"73",-6.7322461914712,13.089683711433,-11.0642579039617,"1: signal"
"852",1.20199524176002,13.5229476449171,-11.5170273283071,"1: signal"
"667",2.45627708207021,14.0073117712015,-10.9920882416754,"1: signal"
"306",10.768899912051,14.2548194964141,-11.151627719979,"4: shift"
"786",10.0907702663202,13.8244908288512,-12.6917428133111,"4: shift"
"637",10.6185291563116,12.9799480736745,-12.3895361303639,"4: shift"
"193",11.2954408162324,13.2817755359177,-11.240818945186,"4: shift"
"953",10.3470789056319,13.3567312219831,-11.522231360736,"4: shift"
"228",11.224948391223,18.6978257586834,-11.0519287767666,"4: shift"
"665",10.4301671862751,13.3039831965502,-12.5185311420948,"4: shift"
"832",10.4663094478709,13.4101044611817,-11.5961685497851,"4: shift"
"58",10.5278903333886,13.078696190356,-12.63634660616,"4: shift"
"320",9.26049130007007,13.9265395433667,-11.5193442204871,"4: shift"
"195",9.39577414307721,13.5227042473509,-11.1945754490205,"4: shift"
"46",9.94291159856107,13.5332781954076,-12.7431160924022,"4: shift"
"460",9.06205491131998,12.8164558737945,-11.1554211524027,"4: shift"
"5",10.393639018114,14.2064319576902,-12.2814743706966,"4: shift"
"251",10.1992989446426,4.57319928251535,-11.9008565894718,"4: shift"
"916",9.72788030214429,14.280258834194,-11.9827751362111,"4: shift"
"920",10.1292155216176,13.6336350659099,-12.4256400358729,"4: shift"
"87",8.66145908479679,14.3865381154874,-12.6268305688317,"4: shift"
"134",9.40898490601154,14.5493673090041,-12.5803486609548,"4: shift"
"562",8.41355125482966,13.7666102259211,2.04994848158595,"4: shift"
"202",8.64941572297135,12.67547834324,-12.2866480380413,"4: shift"
"582",9.40330270489704,13.7106910776006,-12.6918269191812,"4: shift"
"792",8.79867305142096,12.6207566722525,-12.840100388454,"4: shift"
"802",9.23094794076356,14.1610903740719,-11.7980557619442,"4: shift"
"954",8.36023243455231,12.8485765092978,-12.1987362855719,"4: shift"
"191",9.14339738726747,12.6026075000601,-12.8630731485953,"4: shift"
"814",7.82986088334156,14.198219218331,-12.1109540816054,"4: shift"
"352",9.31803446028459,12.9394983817186,-11.4180171931649,"4: shift"
"784",9.47170944885207,13.117804887907,-12.2004267976965,"4: shift"
"772",9.4593725743922,12.192954078068,-11.71181732427,"4: shift"
"76",8.4736967609136,12.8377441833519,-10.8866243655826,"4: shift"
"413",9.21789989559259,13.807018763638,-12.6850975270702,"4: shift"
"362",-1.8174879049326,12.3207049245309,-11.8660655732264,"1: signal"
"645",-0.378943224041857,12.1001508628556,-12.503050601458,"1: signal"
"417",-0.453204096268634,12.1156768074732,-10.631975360399,"1: signal"
"885",-1.31509914783196,13.389091443749,-11.4785664562454,"1: signal"
"662",-0.128840124426029,12.7709563533385,-11.412318413518,"1: signal"
"708",-2.06724559988634,12.2962474189836,-11.2435187390097,"1: signal"
"167",-1.25518898630798,11.9616876576825,-10.542878006693,"1: signal"
"619",-1.4846307048785,12.6095094723855,-10.5846372383035,"1: signal"
"158",-2.21531125783741,11.853672737474,-11.2725050825384,"1: signal"
"923",-1.22219509674567,12.5406881203569,-11.7648008755226,"1: signal"
"97",-0.695067074512842,12.036160487391,-12.3316313105795,"1: signal"
"389",-2.35391128468539,13.1760492782186,-11.5540448409046,"1: signal"
"889",-1.7091814273861,11.6937991110219,-11.5309559037299,"1: signal"
"779",-0.871654746253437,12.8291342941943,-10.86763859212,"1: signal"
"407",-0.903306490145355,12.8645820958141,-12.1252626101175,"1: signal"
"614",-1.26513625842258,11.3791253085491,-11.9225449081258,"1: signal"
"647",-2.1544841556179,11.718525364034,-12.0248216840192,"1: signal"
"915",-2.17804656154077,13.096133463931,-11.1443002569962,"1: signal"
"405",-1.63592108778238,11.7029280685829,-10.6345780672367,"1: signal"
"551",-2.57093720949538,12.9415859398604,-3.62576719240934,"1: signal"
"907",-1.81955128967475,11.4026226137401,-11.8809300135077,"1: signal"
"485",-1.3380869316558,12.0180572840025,-10.092739363678,"1: signal"
"585",-1.39210407518159,12.6344989900384,-10.43126325792,"1: signal"
"862",-2.51596933687737,11.2200957248489,-11.1785550247898,"1: signal"
"672",-1.8168022192309,12.3749442215949,-10.8684264849341,"1: signal"
"358",-3.02722547071301,11.0737709925048,-10.7961478659457,"1: signal"
"401",-1.19621707596749,12.8267515068504,-11.4687006774406,"1: signal"
"563",-2.94151018140592,11.8978642798837,-0.0932660054980188,"1: signal"
"611",-2.9782773111534,11.3936606065226,-11.8093163105085,"1: signal"
"281",-1.73417528313303,11.475302770073,-11.5840030831439,"1: signal"
"19",-1.6886796354859,10.8078440250202,-10.005189517035,"1: signal"
"89",-2.19703230897653,12.48473560649,-10.4011091969867,"1: signal"
"748",-2.23196471128831,10.7289719760361,-10.6965502177021,"1: signal"
"661",-2.40418290554835,11.2122693380376,-10.9702263463852,"1: signal"
"856",-3.04340256572214,11.1285686209628,-11.1576102144548,"1: signal"
"177",-1.87585607548044,11.7441784152428,-10.6073562655941,"1: signal"
"394",-2.89703585447879,12.1595286003045,-11.3285156761459,"1: signal"
"119",-2.75366758246716,11.0933607969995,-9.74886211627708,"1: signal"
"775",-2.77283870507185,11.8797780352464,-9.93012405525915,"1: signal"
"780",-1.80026343450151,10.8452564078721,-9.69690966069844,"1: signal"
"995",-2.31751447404904,11.9674293672534,-9.76374016991535,"1: signal"
"934",-3.49297519465919,10.6533795622006,-9.65892024620253,"1: signal"
"277",-2.80448311453317,12.1065379980769,-10.2002591818739,"1: signal"
"516",-3.19039539156022,10.8184431576266,-11.0683443488995,"1: signal"
"197",-3.24248911015736,10.3934992333757,-10.8506524174594,"1: signal"
"865",-2.55465444409632,11.7561983452982,-10.3016937629686,"1: signal"
"297",-3.69362881262094,11.4026204943725,-9.55810604471199,"1: signal"
"469",-3.8041818411838,10.4012945071036,-10.7209270066467,"1: signal"
"451",-2.53188409012424,11.2385622383262,-10.1855753541913,"1: signal"
"534",-2.66288938394429,10.1213311806603,-6.5391864688766,"1: signal"
"876",-3.02264562200747,10.1172044950311,-10.2522951748961,"1: signal"
"92",-2.54121641325531,9.94672540920818,-9.29977634683032,"1: signal"
"384",-2.83880253406135,10.7445784744242,-10.6357256256966,"1: signal"
"371",-3.0163331363308,9.95779557848964,-9.44425222445826,"1: signal"
"219",-2.49173824577832,10.5611536170088,-9.23081499578389,"1: signal"
"577",-3.06051648549619,9.64393741335747,-9.06416019118993,"1: signal"
"968",-3.45942185401502,10.3737824680189,-8.55417061665963,"1: signal"
"259",-3.25410429571103,-1.32728567689647,-9.5953453923633,"1: signal"
"444",-2.38525578601258,10.4440486721147,-8.9856785845071,"1: signal"
"558",-3.05797938681757,10.2432596800637,-7.97587267411355,"1: signal"
"791",-3.37640193608834,10.0036987661821,-8.19069287804296,"1: signal"
"274",-3.15105752875123,3.65528096201885,-9.69247098412904,"1: signal"
"733",-3.94191856348834,10.3810936496984,-9.71102677272927,"1: signal"
"77",-3.65622291401029,8.8002780198372,-8.57533020421235,"1: signal"
"236",-4.51004397597644,16.1905776503644,-8.34324237547266,"1: signal"
"694",-4.29655169415501,9.44917029687143,-8.77104204227579,"1: signal"
"913",-3.66890997705834,9.56483130474077,-9.93836278251999,"1: signal"
"839",-3.63482028136237,9.28001755491964,-9.60641559019438,"1: signal"
"540",-3.25541660492474,9.50611258031354,-6.92280829219106,"1: signal"
"555",-4.66277343251285,9.71614317653185,-5.06555106262604,"1: signal"
"433",-4.20828870020419,8.56542883609579,-8.87385504373662,"1: signal"
"861",-2.87523988481506,8.33568634037711,-9.28825666408298,"1: signal"
"61",-11.6393038653225,8.8659064897414,-7.79206436247884,"1: signal"
"554",-3.4008239469394,9.06870896397642,-0.341931901747643,"1: signal"
"828",-4.05163881153544,8.66273807211944,-7.77166630515562,"1: signal"
"679",-2.88878500165912,8.14584397515595,-9.04627783745269,"1: signal"
"790",-3.03784327483872,9.4837907979273,-7.93856670234525,"1: signal"
"699",-4.11102519201713,9.13909108727855,-8.94170077494231,"1: signal"
"705",-4.49452427326378,8.97051852602569,-7.78268966822262,"1: signal"
"438",-4.84462125626631,9.48354927150524,-7.35602536557676,"1: signal"
"849",-3.1781559879245,9.39433077324542,-8.15088673555584,"1: signal"
"112",-4.42036870711446,8.74579626523406,-7.77118400951262,"1: signal"
"929",-3.05931147705981,7.76575216553267,-7.34823994965152,"1: signal"
"43",2.18888905293779,8.69637265268137,-8.20508122945192,"1: signal"
"408",-3.82409698055634,7.39365333943713,-6.77147227162781,"1: signal"
"951",-3.90563121400404,8.7780298204705,-7.67420756541728,"1: signal"
"624",-3.23045318915675,8.8670064864986,-7.52173947234489,"1: signal"
"653",-3.98029614058312,8.32720564694537,-8.36256779994043,"1: signal"
"10",-3.35365025587451,7.88435266342867,-7.83689950046505,"1: signal"
"1000",-3.58288337425938,7.78181035955852,-8.0069909465194,"1: signal"
"292",-3.14441421765698,7.54495402844234,-8.17754433721609,"1: signal"
"523",-4.45282624543256,8.71530273821084,-7.74205394576412,"1: signal"
"962",-4.57463014940362,7.88826843792313,-7.02827031643762,"1: signal"
"830",-4.4351706009145,8.60193118457622,-7.04345493417993,"1: signal"
"49",2.30032170930341,7.98625423913151,-7.13675605313115,"1: signal"
"673",-4.46371585632645,6.75326913324314,-7.89189712052173,"1: signal"
"13",-4.88141816341045,7.58533742347137,-6.38090201244274,"1: signal"
"687",-4.17893562664327,8.23770061266331,-6.02433084934567,"1: signal"
"440",-4.35136438538335,6.37766239638623,-6.81950243766434,"1: signal"
"337",-4.29836674277343,7.52478252110538,-6.19585508889464,"1: signal"
"693",-3.28631216133988,8.0882891518443,-5.94715769811523,"1: signal"
"696",-4.2429810130882,6.13362428210288,-7.25725703416272,"1: signal"
"972",-3.00203140156034,6.81857431292509,-6.26018185521121,"1: signal"
"631",-3.59298797373017,6.25265913068111,-5.88051027745312,"1: signal"
"488",-3.21583931221909,7.65728761524315,-6.63439387065328,"1: signal"
"294",-4.67334223077633,6.18578574895653,-5.83254639381865,"1: signal"
"67",-12.3803162020093,6.77816331831146,-5.78636851594144,"1: signal"
"365",-4.83715149006803,6.3771252461079,-6.04782395669296,"1: signal"
"897",-4.7747956871404,5.76965495037754,-6.95569184385565,"1: signal"
"981",-3.34612418896148,7.59071084070629,-6.461627541442,"1: signal"
"250",-3.8131610213034,-2.43130382073188,-5.0101858815829,"1: signal"
"707",-2.93131994949012,6.09412421198428,-6.20323020602094,"1: signal"
"996",-2.90872310292616,6.34963272514827,-4.95355095944696,"1: signal"
"126",-3.73050974336989,6.49437293972467,-6.23249842455555,"1: signal"
"666",-3.67695084895534,6.95418196509732,-4.95290692353225,"1: signal"
"598",-3.04427502231709,6.6327580635325,-5.63018856291699,"1: signal"
"921",-3.50868232957123,7.10046310137841,-6.22398028204963,"1: signal"
"656",-4.20777188745378,6.95640576461203,-6.25247886574602,"1: signal"
"817",-3.24522831006999,6.63745532165934,-5.39779943368993,"1: signal"
"211",-4.65924965744344,5.36624087930882,-6.1605073465993,"1: signal"
"321",-3.91870861732178,5.36724025129702,-5.62151849353153,"1: signal"
"140",-3.76682316240647,6.94234896658385,-5.41749441771285,"1: signal"
"902",-4.58301316519536,5.50862225221334,-5.27830359009667,"1: signal"
"938",-2.74191904806808,6.38735843265431,-4.61829553421172,"1: signal"
"732",-4.40067989293188,5.63502537741615,-4.32772220725464,"1: signal"
"669",-4.07596029741425,6.53367418548713,-5.09265809323238,"1: signal"
"149",-4.56477404638552,6.78387610133029,-5.47507998002784,"1: signal"
"892",-4.47096731976682,5.4293997090957,-5.67216424747323,"1: signal"
"332",-3.83649688414071,5.43740300721216,-4.68886783795189,"1: signal"
"344",-2.8367149105566,5.48473760607801,-4.75892460728765,"1: signal"
"268",-3.12955970088311,3.22889841944561,-5.29125549260447,"1: signal"
"890",-3.86650017629083,5.88371817850226,-4.88909420976845,"1: signal"
"366",-3.29127236380525,5.47186629297734,-4.66754114702038,"1: signal"
"361",-3.53815824824781,4.91694304052156,-5.45307795028423,"1: signal"
"127",-4.07235501670573,5.95443644237125,-4.01912542621732,"1: signal"
"891",-4.08213718982333,5.50855955016736,-4.80090000204543,"1: signal"
"937",-3.27031911663027,5.47022152616805,-4.79446963116324,"1: signal"
"264",-3.4635441475311,3.46720216235526,-3.83424155533945,"1: signal"
"561",-2.74325552968843,4.67824632462203,-2.40443225558235,"1: signal"
"709",-2.87516566680845,4.291854412851,-4.58327670849076,"1: signal"
"449",-3.53234503903937,6.04198782694198,-4.15284994316892,"1: signal"
"584",-3.20746814018882,5.27139099462934,-4.59633269719061,"1: signal"
"700",-4.08265338348468,4.8042894964782,-3.28557560991028,"1: signal"
"319",-3.10591008488287,4.1684347991236,-4.49962534949741,"1: signal"
"537",-2.67772701624904,5.43843873415473,-12.442967263819,"1: signal"
"20",-3.97359017917072,5.18894505329608,-3.84204783090825,"1: signal"
"724",-2.35560411982856,4.77569171544668,-2.90777369967769,"1: signal"
"713",-2.0576262237257,5.60283677660848,-3.2535765810409,"1: signal"
"105",-3.04643697888048,5.86678154161154,-4.45418789971927,"1: signal"
"185",-3.09547367505954,4.49450046686508,-4.76873212649705,"1: signal"
"411",-1.94222038279511,4.11799492174812,-4.03661817507861,"1: signal"
"108",-2.32029537950232,5.11789966266917,-2.9790500549473,"1: signal"
"369",-2.94250087238033,3.79100179543084,-3.35686458440563,"1: signal"
"978",-3.28894357860872,5.52224638829722,-2.93487696244884,"1: signal"
"315",-3.28504208512044,4.02530808955202,-4.52860676056514,"1: signal"
"549",-2.33095044722728,5.60278037193316,-9.11722371162109,"1: signal"
"851",-3.29932642601923,4.9119551734376,-3.44725280777816,"1: signal"
"976",-1.9818394729949,5.32914358344891,-3.3951331964712,"1: signal"
"757",-1.63417182847984,4.43438182865683,-4.32002478882587,"1: signal"
"94",-2.16279076984639,4.71846727549865,-4.29632561230284,"1: signal"
"588",-3.00569971754252,5.16608153176439,-4.35024342027512,"1: signal"
"740",-2.27222809653672,3.58379283686616,-3.05984874087072,"1: signal"
"725",-1.63730807861231,4.62766256119582,-3.42899006206133,"1: signal"
"491",-2.13667122649959,4.6352828550898,-4.0285777348382,"1: signal"
"441",-3.08416921702492,5.21249239861585,-3.6663453197799,"1: signal"
"654",-1.85877511460827,3.63219483745157,-2.5807120175392,"1: signal"
"80",-1.46098188235631,4.77904519682706,-3.19602224695391,"1: signal"
"723",-1.33612879563496,5.27083599716475,-3.37326031697086,"1: signal"
"487",-1.49083903344653,3.73460722259644,-2.2895073693501,"1: signal"
"834",-1.58289359920148,3.82146779667174,-3.161331375073,"1: signal"
"171",-1.18183633824289,3.95323559310061,-2.67063911414685,"1: signal"
"997",-1.41302987354653,3.60719019973775,-2.13370530630483,"1: signal"
"963",-0.970382254550759,4.57739108867782,-2.0070289474324,"1: signal"
"751",-0.76774239269619,3.8679187399543,-2.6385879580115,"1: signal"
"677",-1.63095144552711,3.33534994625781,-2.64585699676099,"1: signal"
"998",-0.916546350975212,4.53079415437128,-2.38983623425285,"1: signal"
"109",-0.587998748915767,3.78484774429136,-2.10051862865946,"1: signal"
"174",-1.93121927530353,4.08771674669881,-2.54765511716263,"1: signal"
"42",5.47611874664254,4.02283804421295,-2.09108990215799,"1: signal"
"59",-8.95211506900365,4.51138755973965,-3.27614683974669,"1: signal"
"213",-0.378396077988745,3.87390748909128,-1.94876224625119,"1: signal"
"397",-2.13838534310627,4.22280908914982,-3.4990406975448,"1: signal"
"906",-0.94857802297222,3.88251536471586,-1.80556883177728,"1: signal"
"420",-1.16499902100816,3.98145116197845,-2.94861096466662,"1: signal"
"813",-0.751305766517543,3.92114936699617,-2.83715070782818,"1: signal"
"842",-1.47745830976457,4.21160369411234,-1.97348622199845,"1: signal"
"750",-0.296995752333029,3.87607604496772,-1.58449648588365,"1: signal"
"495",-0.803546854089447,4.82266915004136,-1.68453194231005,"1: signal"
"581",-1.36323752946561,4.71209126751908,-1.52984281160749,"1: signal"
"203",-0.234047513781396,4.06956221694158,-1.78337457053366,"1: signal"
"286",-0.158041223694905,4.28419388994375,-3.14717300489544,"1: signal"
"960",-1.66039687095289,4.10585394676653,-1.56002449056563,"1: signal"
"850",-1.32336391085883,3.69986540777221,-3.24203334364171,"1: signal"
"804",-0.362347634277682,4.39071000369705,-1.66847499939114,"1: signal"
"932",-0.520586475083046,4.68185928217029,-1.46541210395828,"1: signal"
"717",-1.37052914450158,4.08071280031861,-2.17455925649272,"1: signal"
"382",-0.213135427935734,4.36031854505153,-2.37526220650917,"1: signal"
"32",4.47727511522077,4.84344814749494,-2.35582476164446,"1: signal"
"711",-1.62588329555038,4.37065029476502,-2.85739895285676,"1: signal"
"222",-0.0899696833881984,4.49617322981929,-3.07309628929092,"1: signal"
"829",0.156353697365922,4.35356048375803,-2.82277407201564,"1: signal"
"520",-0.133681922783994,4.54748722286121,-2.06342995548027,"1: signal"
"519",-1.36375400088381,4.01333028024705,-1.51988726482279,"1: signal"
"977",-0.406785219986904,4.12734773069641,-2.04732464308966,"1: signal"
"269",-1.43793496041686,3.1204970731604,-2.73922971593444,"1: signal"
"360",-0.639232361806388,3.03856022961217,-3.04737246440141,"1: signal"
"823",-0.800546714043535,3.26719027985293,-2.62358212798156,"1: signal"
"536",-0.342316795925035,3.92423256919097,-5.01750408779812,"1: signal"
"961",-0.326541392622386,4.55332787838377,-2.95312004792014,"1: signal"
"620",0.415309819667168,4.43210480904095,-1.95179221376625,"1: signal"
"240",0.0599281840224135,20.8600349066568,-1.9063313714681,"1: signal"
"603",0.116090836049016,3.62141016734436,-2.68418661677912,"1: signal"
"777",-0.2394385578977,3.63520559232775,-1.86530542717985,"1: signal"
"466",-0.562619261987272,4.83714505265862,-1.29120950812684,"1: signal"
"499",0.394752311967882,4.17493953632121,-1.77320424136558,"1: signal"
"621",-0.204296378112642,3.97395003818496,-2.93211443520533,"1: signal"
"215",0.797666626755563,4.37763955533626,-2.76766294355658,"1: signal"
"133",-0.257108080708586,3.88156363467519,-2.96887846723357,"1: signal"
"447",1.42614795135354,3.72020508520658,-1.54394870844943,"1: signal"
"341",0.598233541242022,3.99301724366519,-1.07318045392002,"1: signal"
"289",0.0210271059157321,4.32073398338575,-2.92072175769872,"1: signal"
"137",1.65488696223754,4.43288746415566,-2.42266989764159,"1: signal"
"887",-0.010488452190322,3.99005741935427,-2.92399615782155,"1: signal"
"945",0.373604969916124,4.65512849530635,-2.2879181871678,"1: signal"
"919",1.12902673943491,3.98185436784,-1.93836908950893,"1: signal"
